<?xml version="1.0" encoding="UTF-8"?>
<project-private xmlns="http://www.netbeans.org/ns/project-private/1">
    <editor-bookmarks xmlns="http://www.netbeans.org/ns/editor-bookmarks/2" lastBookmarkId="0"/>
    <open-files xmlns="http://www.netbeans.org/ns/projectui-open-files/2">
        <group>
            <file>file:/D:/Bagas/Kuliah/Semester%203/Pemrograman%20Komputer/File%20Project%20App%20Kasir/AppKasir%20Part%2010/AppKasir/src/com/kasir/form/FormInputKaryawan.java</file>
            <file>file:/D:/Bagas/Kuliah/Semester%203/Pemrograman%20Komputer/File%20Project%20App%20Kasir/AppKasir%20Part%2010/AppKasir/src/com/kasir/dao/KaryawanDAO.java</file>
            <file>file:/D:/Bagas/Kuliah/Semester%203/Pemrograman%20Komputer/File%20Project%20App%20Kasir/AppKasir%20Part%2010/AppKasir/src/com/kasir/tablemodel/TableModelKaryawan.java</file>
            <file>file:/D:/Bagas/Kuliah/Semester%203/Pemrograman%20Komputer/File%20Project%20App%20Kasir/AppKasir%20Part%2010/AppKasir/src/com/kasir/model/ModelKaryawan.java</file>
            <file>file:/D:/Bagas/Kuliah/Semester%203/Pemrograman%20Komputer/File%20Project%20App%20Kasir/AppKasir%20Part%2010/AppKasir/src/com/kasir/service/ServiceKaryawan.java</file>
            <file>file:/D:/Bagas/Kuliah/Semester%203/Pemrograman%20Komputer/File%20Project%20App%20Kasir/AppKasir%20Part%2010/AppKasir/src/com/kasir/form/FormKaryawan.java</file>
            <file>file:/D:/Bagas/Kuliah/Semester%203/Pemrograman%20Komputer/File%20Project%20App%20Kasir/AppKasir%20Part%2010/AppKasir/src/com/kasir/config/Koneksi.java</file>
        </group>
    </open-files>
</project-private>
